-1.53569483028,0
-1.09328939866,0
0.0568894613016,1
1.88608300572,1
1.41920516086,1
-0.539162338454,0
-1.3929842849,0
1.16815882105,1
-0.0399876908568,1
-1.13886443987,0
2.49088230294,1
1.35433799026,1
2.17192968804,1
0.654472769376,1
-0.202894496153,1
1.4586574038,1
-1.06999902858,0
-1.00597723513,0
-0.493316094924,0
-1.62216336574,0
-0.141192967106,1
1.95876765042,1
2.10967342874,1
0.337782527477,1
0.741394350264,1
-1.66604767144,0
1.9612112223,1
1.96042412209,1
-0.0603795775621,0
-2.27889067036,0
-1.99101729945,0
-1.17835122372,0
-0.784733745216,0
3.37737977874,1
-1.08097178527,0
1.26222692738,1
-0.803488341429,0
-0.374889529005,1
0.400111189606,0
0.768077918508,1
-1.29293760584,0
-1.25956545608,0
2.88062204551,1
-1.51213105126,0
-0.10017859497,0
-1.41829887386,0
0.827830148998,1
1.47500635077,1
-0.635312485225,0
2.38772506928,1
-0.303494763632,0
-0.803338549584,0
-2.44228036992,0
2.21453090314,1
-0.171627898195,0
1.97689119148,1
-0.204182748557,0
0.127229688234,0
-1.36160729781,0
1.16536216265,1
-0.775990121438,0
0.285563469094,1
0.879716669443,1
-0.417499911021,0
2.52516267225,1
-3.63326765825,0
0.603692414313,0
-1.60818835489,0
-1.2949872831,0
3.03096751883,1
1.12690778917,1
1.01690897551,1
1.01938196664,1
-2.07017221722,0
-2.22778723777,0
2.18220385322,1
-0.336295842756,0
1.33379533285,1
0.176016104349,1
1.41259875695,1
-0.324644210599,1
-1.3565520394,0
-1.34421805184,0
0.211480386757,0
-1.73624596228,0
-0.157539489619,0
-2.4684915443,0
0.821612806247,1
1.16839082088,1
0.755205776908,1
-1.1894327999,0
-1.39311746416,0
1.84033651034,1
-1.70685721602,0
0.656665009981,1
2.42627666955,1
0.628169416232,1
2.25176768282,1
1.5717121589,1
2.14573723972,1
1.81763620754,1
-0.737245352097,0
3.12877405224,1
2.14514266268,1
-1.79642350196,0
-2.02317158228,0
0.595045669438,1
1.95401152313,1
-0.943641143232,0
1.57288374848,1
-0.776152607491,0
-1.14807614257,0
2.19693937747,1
-1.29171832016,0
0.38418697755,1
0.326555398291,1
2.95499713708,1
-1.61100357795,0
-0.976016912998,0
-2.4792806771,0
-0.550130119811,0
-1.99886263651,0
-2.51589010052,0
0.394953830123,1
-1.23895825377,0
-0.0490832313693,0
-0.903225631418,0
-1.62426426546,0
1.59629183328,1
-1.70351386669,0
1.61240000725,1
-2.99478787967,0
-0.733142017842,0
-1.03538140181,0
-2.78440807941,0
-1.08314962066,0
-1.3193892208,0
-1.22245329543,0
0.664512042349,1
-0.729292396774,0
-1.61436059496,0
1.73425141067,1
-0.521026340627,1
2.10648517282,1
-1.8696054113,0
1.86144950035,1
1.4881862183,1
0.150979589859,0
0.733715037765,1
1.107527009,1
2.07787783115,1
-1.42892259294,0
1.18001207835,1
-2.6384771055,0
-1.41702395991,0
1.44933449589,1
1.51944098385,1
-1.61524977061,0
1.57200031503,1
-0.3662187221,1
2.5776715466,1
-1.20807482078,0
1.83862660692,1
-2.37210296492,0
1.19500396348,1
0.104816427599,1
2.51795319165,1
-1.3032461904,0
0.996701721373,1
1.90458863272,1
-0.55748448185,0
0.764359158463,1
-1.56079178343,0
-0.666182920696,0
0.162562456253,1
2.35962474203,1
-1.82210047094,0
-1.28117250371,0
1.41499493133,1
-0.406615344639,0
-1.39615596964,0
-0.803195691417,0
-1.74279717514,0
-1.5784117803,0
1.16219600694,1
0.681736805495,1
2.62310398982,1
-0.952811102783,0
-0.295051720929,0
0.167182065927,0
1.20618534699,1
1.67344992345,1
0.0910755618201,1
1.3054182809,1
1.3412050214,1
2.16221555697,1
1.97379757783,1
-0.207579189617,1
2.92537586673,1
-2.85892066273,0
-3.20805031814,0
-0.596488783289,0
0.19307996556,0
-1.53306329022,0
2.35202176242,1
-2.53950793827,0
1.85329165188,1
0.810404575573,1
-1.99746942955,0
0.85544233735,1
-0.434397533739,0
1.26731418478,1
1.21432705893,1
1.13507070396,1
1.67932315707,1
1.82368890502,1
2.27351590988,1
1.16502543937,1
0.369741629494,0
-2.12431399686,0
-2.1609187513,0
-0.46470980899,0
-0.752514911844,0
-1.21593928714,0
-1.1445885825,0
-0.69953897714,0
0.959743288063,1
-0.578142511366,0
-0.160078367521,0
1.8448601693,1
0.526042484494,1
-0.00529336038023,0
-1.1136967449,0
-1.25614640329,0
0.999352259406,1
2.06643306971,1
0.571190554235,1
2.5455323763,1
-0.942952419658,0
0.918186319169,1
-2.08395875169,0
3.14034363298,1
-1.8128848725,0
1.4061585466,1
-1.13041269448,0
2.32376658232,1
0.799426368266,1
-0.364122118142,1
1.38181971803,1
3.10757733544,1
1.88611376888,1
-1.80069865592,0
1.6599722761,1
-2.3982718165,0
-2.34099495504,0
-0.881385033779,0
1.96135455051,1
-0.767381544497,0
-1.4824180299,0
-0.897598364627,0
1.14393617479,1
-0.295403530791,1
0.683903952415,1
2.93291213536,1
0.465775858902,1
-0.368198748475,0
0.163089627869,0
1.94344244622,1
0.37568642706,0
1.13670603714,1
2.32174481481,1
-1.81873615113,0
0.470402910239,1
-0.907196693723,0
-1.55348391426,0
-0.436971318637,0
-1.36272159243,0
-0.191322716613,0
0.32100611247,1
-1.58663686231,0
1.5568268491,1
0.977297369899,1
0.807371086565,1
-0.0216674074746,0
0.785893197093,1
-2.05687276865,0
0.0953706597195,1
0.532473412751,1
1.14421183594,1
-1.40216709486,0
-1.75321140536,0
-2.7361358124,0
-2.84166952873,0
-0.675757544104,0
-1.72520392646,0
-2.92231063445,0
0.208298400132,1
1.35599648313,1
-0.546009428754,0
-0.630803927002,0
-0.469472077738,1
0.647658538128,1
-1.41019035101,0
-0.0878465161979,1
1.08389426801,1
1.27139900547,1
2.50753437822,1
0.84793391444,1
1.5984888999,1
1.04763831024,1
1.01216196486,1
1.33588268231,1
0.927727996026,1
-1.70222193887,0
-0.36511258066,0
1.05075781538,1
0.36476449983,1
-2.04310391037,0
0.535090760305,1
-3.15619225517,0
0.0307683363079,0
-2.79810947334,0
3.07694353887,1
-0.0959189690361,0
-0.296535508002,1
0.936320393237,1
-1.49218990128,0
-0.3197924624,0
0.986874772387,1
-2.08956135451,0
1.11010861087,0
1.54418798699,1
-2.17627932316,0
0.81218925484,0
1.86442275219,0
-1.98173023818,0
-1.52215383439,0
-0.468968436564,0
2.79180882203,1
-0.319497406224,1
-2.26545618609,0
0.124768314141,1
3.21019199015,1
0.695115460731,1
-2.21633373978,0
-1.2592608701,0
-1.28343119946,0
-0.705510122378,0
2.06903547971,1
1.15764358671,1
-1.31032306487,1
1.13186077254,1
-0.787293991325,0
2.2998514733,1
1.27522665927,1
0.781674269497,1
-2.00263668965,0
-2.41970696159,0
-0.612045272686,0
-0.793768324333,0
-0.942951080814,0
-1.33057088185,0
-1.34734037209,0
-1.74775100241,0
0.888352282037,1
0.751599376708,1
0.948888779636,0
-1.32035418765,0
-0.607541432474,0
1.02060413396,1
-1.00508518985,0
0.928044982627,1
-1.20592997108,0
-2.05575294156,0
1.42523048957,1
-0.00450001186437,0
0.127599159778,0
-2.47139467306,0
-1.26214112209,0
-1.78902627864,0
1.19493737259,0
0.476905246191,1
0.636365690764,1
-0.450187292294,0
-1.92387184124,0
-1.0595169102,0
-2.38584873596,0
-0.710028547622,0
0.645373305999,0
-0.984897255196,0
0.737042131965,1
-1.9393607583,0
2.22072462228,1
-2.58273257091,0
1.07019751085,0
-0.267040152893,1
-1.73930323449,0
3.9189701236,1
1.98421572647,1
-0.116636611192,1
-2.52928423782,0
-2.09560158689,0
1.53656428188,1
-1.08279203954,0
-1.15809032855,0
-2.3445095111,0
0.634595039993,1
-0.423441085694,0
-0.202293991027,1
1.18156924165,1
1.57005697493,1
3.44427996728,1
-0.93688080104,0
0.0827292202506,1
1.45766947302,1
-1.55557717857,0
-1.62520643906,0
-1.28666471057,0
-0.966204186015,0
-1.11899617317,1
1.02803319789,0
-0.245178010069,1
0.568070729992,1
2.57770588701,1
-2.02722189344,0
1.70738567826,1
-1.51146579277,0
1.21018849611,1
-2.5790764734,0
-1.34019786234,0
-1.12378439696,0
2.77967965172,1
-1.14073315761,0
-1.96057154101,0
1.18647614495,1
-1.67669198257,0
-0.106969962286,1
0.23324199936,0
0.545989007547,1
-0.077027044721,0
2.06009012795,1
0.333564644486,1
-1.68843536078,0
-1.70606297382,0
1.46391657117,1
-1.3726292789,0
-0.496016026541,0
-0.969482111602,0
0.628306542318,1
-1.73638447186,0
-0.674796396999,1
0.266377947506,1
3.87004071304,1
0.704421984409,1
1.21372606746,1
0.657998696203,1
-0.46587308178,0
-0.940550545246,0
0.176678541821,0
-0.281154060877,0
-1.02160608652,0
-1.33195799503,0
2.62748382799,1
0.23982703292,1
-1.34679651382,0
-2.4683085427,0
1.39891304864,1
0.422694353035,1
-0.584170377138,1
1.05047057926,1
1.21198618237,1
1.23350246677,1
0.45535137575,1
1.12315682121,1
-1.00774146014,0
4.23370176165,1
3.0199091122,1
-0.667381153955,0
-1.59532249283,0
-3.51660436655,0
2.35593035814,1
2.46752706077,1
1.41830499669,1
-0.851063186175,0
-1.94333182203,0
0.332669977998,1
-2.57014286091,0
-0.710028547622,0
1.55835566118,1
-0.158325263022,1
-0.713413471072,0
-0.809106337584,0
-0.68221255404,0
-2.09740875558,0
-0.172805165024,0
1.7521327293,1
1.19437766327,1
-0.443995703042,1
-0.81282770164,0
1.97901890973,1
-4.84260615949,0
-1.32990762359,0
2.36842721851,1
-1.8719873183,0
-1.14112947048,0
-1.40445170035,0
0.585691841526,1
-1.08817624706,0
1.94840625495,1
2.10034757164,1
-1.39621600701,0
0.543819015447,1
1.15091761227,1
-0.902436452802,0
-2.29806101536,0
-1.63075238284,0
0.565457122782,0
-0.597634295588,0
0.615846759899,1
-1.07783996584,0
-1.35521289698,0
-2.51712101306,0
0.679293973587,1
-2.45643395846,0
-2.10968923524,0
-0.135843224848,0
-1.58206126939,0
0.0391058576315,0
-0.278891879943,0
3.19061924959,1
-0.274493160159,0
-1.09468393774,0
-0.390177815559,0
0.857898417774,0
0.938589208781,1
-0.351909995186,0
-1.79420061021,0
0.145308699816,0
1.58734263609,1
-1.65492247148,0
-1.79435969871,0
2.57067144476,1
1.26640628807,1
-0.606185881344,0
1.20689652122,1
1.1295992858,0
-1.80301439983,0
1.17108193117,1
-2.11964572578,0
-0.413457827972,0
-0.259160938501,0
1.77333548593,1
1.36210947369,0
-1.05282904453,0
-1.87966558903,0
-1.02296512493,1
0.502994953119,0
-1.23417857115,0
-1.24133724997,0
1.96753591936,1
-1.44368326627,0
-0.0672403870547,0
-1.70435241808,0
-2.14738503603,0
3.87133058129,1
-0.873211259425,0
-1.00086245335,0
-1.77166505753,0
-2.86943887768,0
1.26600608725,1
-2.16863166947,0
-2.01230945381,0
1.5208198727,1
1.4562842459,1
1.80761015638,1
-1.68133313561,0
1.44463094116,1
3.50577700557,1
0.962249126145,1
-1.96916072568,0
-0.202944836039,0
-0.592077047249,0
0.855447494087,1
-1.59425592095,0
-1.57663002455,0
-1.35427482079,0
2.26541545079,1
1.5053374185,1
2.61332167386,1
0.856463312811,1
1.99501899974,1
-2.69371465089,0
-0.0660211049729,0
0.699916599576,1
-1.87772712538,0
-0.0869278093058,1
-1.5197522324,0
-0.366901930926,0
-1.14948979232,0
1.67155236772,1
2.18582829573,1
0.541717715437,1
-0.16636780119,0
1.20364426722,1
-1.11106132487,1
0.294355051882,0
-1.31953648926,0
-1.28996738057,0
2.4212677875,1
-1.4159558644,0
1.70131069165,1
-2.22306440118,0
-1.63454587716,0
0.137214141919,1
1.70879581596,1
2.13862384495,1
1.89774497313,1
-1.10907533624,0
-0.98386112773,1
-1.12522625868,0
0.0758492275915,1
1.08052887901,1
-0.825968628529,0
-0.948530596793,0
1.32105700265,1
-3.49610659616,0
-0.936764096203,0
2.7917818752,1
-1.04421758264,0
-0.460292694624,0
-0.945389990068,1
1.30235967362,1
1.17673698834,1
0.757644770384,1
-1.86063384579,0
-2.59657099685,0
-0.847257463678,0
0.909443880817,1
-1.13936400901,0
-1.57225807649,0
-1.63932398647,0
2.05767552772,1
-2.20084327445,1
-1.9583978245,0
1.59353325985,1
-0.131602695671,0
-1.63402448607,0
0.569309838781,1
-0.55331607163,0
-0.479857982908,0
-0.0268235771451,0
1.8614787826,1
-1.92828795462,0
-1.66946494051,0
0.26545064661,1
-2.56669669842,0
-0.633924053605,1
3.05089075654,1
0.855543591292,1
2.00346182098,1
2.52167787331,1
1.91363924218,1
1.54131508993,1
-2.36273034889,0
2.06938319749,1
-0.769771752362,1
-0.411188378667,0
-0.051370225671,0
-2.36964162048,0
-0.637232151184,0
0.967037051057,1
0.233231202614,0
2.9971300992,1
1.76507057662,1
-0.134715422835,0
-0.785578811797,0
-0.557344179375,0
0.272062368509,1
-1.19409103308,0
2.56423325821,1
0.591665781283,1
0.538712785095,0
-0.626953119002,0
-0.203084999415,1
0.687391137764,1
-0.455678506701,0
-1.9941389376,0
-1.9029649901,0
0.649113680835,1
3.28578072126,1
2.41108877975,1
-0.269753532325,1
-1.59722312921,0
0.346316890989,1
-1.65336694977,0
1.74832692013,1
0.546499900768,1
-1.47571099537,0
0.449854288284,0
0.798115803985,1
-3.64904905032,0
-3.4442269693,0
1.65817949085,1
-0.999191149145,0
2.69430754844,1
1.2786052613,1
2.63617835193,1
0.101265603698,0
0.528139032142,0
2.05829027723,0
2.00419711761,1
0.693058065886,1
-0.329893560443,0
-1.79794254976,0
-1.65284842358,0
-0.206133657179,0
0.786948208283,1
2.16542330658,1
1.4245937983,1
-0.660371658778,1
-0.659031745749,0
-1.25246675553,0
-0.257009788072,0
-0.364149157222,1
-1.53162607897,0
-0.736806543554,0
1.33320339714,1
-0.288676892685,0
-1.28894408374,0
1.23758191384,1
-1.70626020755,0
-0.667086445581,0
0.0852999887396,1
0.25411464288,1
2.95208245293,1
-1.6698686228,0
1.93474775176,1
1.42305896059,1
1.75015285801,1
-1.53013536523,0
-0.740508747654,0
-1.34307498242,0
0.994389697971,0
0.550623958006,1
-2.33118420301,0
0.578460065421,1
-0.549988308138,0
0.94085795971,1
-2.77769188625,0
-1.98679067107,0
0.570757766946,1
-1.32646056647,0
-1.30879247784,0
-0.373745191208,0
0.114896914737,1
0.444809251488,1
2.68164103003,1
2.83285064625,1
-2.93826547551,0
0.476170828293,0
0.896461502054,1
2.1581050156,1
-0.541662470833,0
1.01225283862,1
1.90954653024,1
3.23981816097,1
2.20018703623,1
-1.90905203507,0
-0.795195671043,0
0.591207106069,1
0.83746631004,1
-1.52652719144,0
-1.9273985603,0
0.297772952757,0
-0.397166707351,1
-0.989281503984,0
1.19690059931,1
-1.22281281738,0
-0.188366328274,0
-1.99302384993,0
-1.23854816912,0
2.47683710474,1
-0.532785832146,0
2.35203927264,1
-1.47926696937,0
-2.53976633569,0
-0.266647588031,1
-1.11708866475,0
2.87604140968,1
1.96071604813,1
-0.84729947615,0
-0.481827677937,0
-1.26666733068,0
1.33937353755,1
1.83622470783,1
-1.12102561488,0
1.63535268034,1
-0.518590952651,1
1.51460801906,1
1.01624770302,1
-0.644957568233,0
-0.63602495267,0
0.838440056514,1
1.44960746146,1
0.0249314338028,1
0.535338518015,0
-1.72423115796,0
-0.797423759191,0
-2.05760703469,0
-0.390437969805,0
-0.863919031102,0
1.74794019908,1
-0.084768218175,1
-1.76138843519,0
1.20375784673,1
-1.90895569121,0
-2.9397884346,0
-0.142475923779,1
0.755310884193,1
-0.578058627494,0
-0.0959429446173,0
-0.384977562873,0
-1.97981749295,0
-2.61569159489,0
-0.949845196197,0
0.228494029513,1
-0.928999945791,0
-1.02384447502,0
0.746045546372,1
-0.833726038453,0
2.2262699449,1
1.32374359511,1
-1.44132604201,0
-1.2483370314,0
-3.67522164877,0
1.39372356521,1
0.877610229701,1
-0.639829463934,0
-0.469110813373,1
1.38971753647,1
-3.44826209165,0
1.10650778336,1
1.44328717788,1
-1.08223563106,0
-1.6590388798,0
2.89729776068,1
2.89281006075,1
1.54907926639,1
-0.0674630032779,0
1.23137841968,1
-0.0928674948294,1
0.731085083675,1
0.447287622243,1
0.948496635272,1
2.40388105972,1
-0.223058095527,0
1.18152656689,1
-1.10569385746,0
-1.37009916156,0
1.66711820104,1
-0.896973433972,0
-0.510599417735,0
-2.12782430066,0
2.95481403172,1
0.471179403179,1
-0.0380260543985,0
-0.856705356005,0
0.514694445328,0
2.15333872409,1
0.34330682454,0
0.486394440344,0
1.20687339211,1
-0.388338561741,0
0.995703089547,1
0.994907059461,1
-1.04727248185,0
-1.49337855022,0
0.592043033714,1
0.110278285899,0
-0.432946039219,1
-0.478749499669,1
1.28396092605,1
-1.94772293221,0
2.72556927447,1
2.20332206431,1
-0.578546830482,1
-1.20707372376,0
0.840218438199,1
-1.37155089414,0
-1.48771167407,0
-0.179110002555,1
-2.30960318054,0
-1.98240671433,0
-1.9481544241,0
-1.52296322197,0
-1.38945735152,0
-0.712266608633,1
1.29059943263,1
-1.9754970959,0
1.97913416565,1
3.43000806384,1
0.67009919697,0
0.347978666331,1
2.44093930659,1
1.57433520892,1
-1.11284655248,0
0.662513076264,1
1.79723724682,1
2.43108236233,1
-1.52557270203,0
2.83783535195,1
0.212734818903,0
-2.15311980128,0
3.10462550888,1
-1.21399977633,0
-0.646830787643,0
1.61213541887,1
-0.403101727075,0
-1.85274984595,0
-2.63286864981,0
0.676637389732,1
0.839086817776,1
0.937457600966,1
0.56182165389,1
1.21906247513,1
-1.5635333662,0
-1.0625210747,0
-0.401775539123,0
-0.675753975285,0
-1.78102624765,0
-2.85909145603,0
0.0778818156341,0
-0.905233694459,0
-1.00326635604,0
-0.547334691824,0
2.57758050848,1
-3.31021257169,0
-1.93675435466,0
0.123417080342,1
-2.14113561001,0
2.5369882761,1
1.78992679131,1
1.31643302993,1
-2.40180088764,0
-0.0240319944308,1
1.0423325873,1
-2.30816425017,0
0.24601978599,1
-1.3719857829,0
-1.82648587271,0
1.89216850429,1
-0.925530258518,0
1.57044376761,1
0.295757991544,1
0.68257864456,1
0.0555397596942,0
-2.86826713436,0
1.01548027162,1
-0.811429983139,1
-1.02298384759,0
-1.66224971721,0
0.334648842041,1
1.29045692897,0
-1.41960450372,0
2.02655289467,1
-0.86032052534,1
-1.15892526578,0
0.761418181826,1
-1.48727076884,0
2.41728201889,1
-1.11244610474,0
-0.355692907663,0
0.458219672913,1
-1.86879062687,0
1.50608949338,1
-2.55516443639,0
0.882275730628,1
-1.730328776,0
1.1992845228,1
1.27277814153,1
2.50829921068,1
-1.13838391974,0
3.93319281832,1
1.27497032697,1
1.12848891303,0
1.34546007356,1
1.59755394853,1
-0.107353780863,0
-1.08922225566,0
2.04778003113,1
1.86527485494,1
1.1464724019,1
-0.10267148456,1
-0.350108833995,1
2.21285961621,1
1.44168247654,1
-0.531389374294,0
-1.09732356596,1
-0.202874395823,1
1.42404996298,1
-1.96469528519,0
1.90657630868,1
1.3029508823,1
-0.493864336912,0
-2.08699972616,0
2.01120401578,1
-1.60352651208,0
0.570030050723,1
1.88222240716,1
0.091779079034,0
-0.83689991497,0
-1.77959761765,0
0.670142083063,1
0.929323092709,1
-1.73841996664,0
-1.01217025866,0
1.13190105895,1
-0.0967529877583,0
2.02749070123,1
-0.795197724549,0
2.67936177316,1
2.09352744017,1
-0.151625797336,1
-0.624768906832,0
-0.272067824831,1
1.72358607308,1
-1.48284544494,0
-3.71645536485,0
0.997108402103,1
-0.833598991641,0
-1.26764059158,0
-2.1135490428,0
-1.03930585263,0
-0.749124115865,0
-0.453891143939,0
0.0343320215725,0
3.12712093117,1
-0.246074852072,0
-1.55974723572,0
0.776696705056,1
-1.91553514777,0
-0.166516882972,1
0.822826337958,1
-0.350157941866,0
-0.871602100275,0
-1.7983362273,0
-0.91611682188,1
0.126740836602,1
2.01278803788,1
0.739950489815,1
1.64981878755,1
0.639222533572,0
0.755568131854,1
0.680479269808,1
-2.23294047997,0
-0.356118462958,1
1.28680885798,1
1.74477707058,1
2.27020936048,1
-1.64526189721,0
2.65956944282,1
0.853957736554,1
-0.784613392849,0
-0.558569700739,1
-1.5506423693,0
0.941796185671,1
-2.04934003018,0
-2.14057302471,0
-2.28469481749,0
0.976858197611,1
-0.378916437371,0
-1.35027127741,0
1.29347679883,1
1.88807211228,1
1.89091606408,1
-2.19181872675,0
-0.14514811361,0
-0.00807368829138,0
-0.934944346069,0
0.474992088812,1
0.518303990856,1
-1.15350254817,0
0.952679513884,1
1.52991307153,1
-2.01150995429,0
1.31186331279,1
1.81779149763,1
1.78910189721,1
-1.82537411654,0
-1.85748607717,0
-0.657477330013,0
0.952429426451,1
-0.394541448794,0
-2.88686365882,0
-1.85921138036,0
-2.52045836648,0
0.932211215184,1
1.90476398036,1
-0.954684057595,0
1.21762907889,1
2.39753688732,1
-1.53462297652,0
0.995709455404,1
0.197880873383,0
1.2294843875,1
-0.333752617274,0
-1.1424472083,0
0.510765840904,1
-1.08138750311,0
-1.22274290487,0
-1.63639241213,0
2.75829028125,1
-0.0121258087272,0
-0.861511693185,0
-1.30225677673,0
-0.983856304393,0
-1.57968667717,0
-1.09174931926,0
1.38500185175,1
0.382916593421,0
1.68865187551,1
-0.180866794234,0
0.859705130041,1
1.25605706514,1
-1.76911225983,0
-1.38267117039,0
1.5625385282,1
1.64677878778,1
1.74785161388,1
-1.7836988893,0
0.641403773036,1
1.23260990506,1
-0.18869851849,0
-0.00851552726516,1
2.88444662567,1
-1.296667629,0
-0.781659647819,0
0.143454219359,1
1.93596152988,1
0.750916476504,1
-1.72387074864,0
1.61900789994,1
0.963941655084,1
1.25365701324,1
-0.623573490523,0
-0.38725391852,1
-0.237045386576,0
1.53614486204,1
0.521416711506,1
2.4416417976,1
-1.30852366215,0
2.04720523586,1
0.173522809964,0
-1.2050545718,1
0.0227649359325,0
-0.744898401139,0
-1.88443226485,0
-0.827448985019,0
-1.60665982728,0
1.54676303167,1
1.99287381201,1
2.64053354678,1
2.98018081312,1
-1.57405339596,0
1.62243964453,1
2.42218057182,1
-1.83023226216,0
0.297800841194,0
-1.87053013367,0
-0.514600156384,1
1.99222983703,1
-0.2724453874,1
0.817752274383,1
0.851706422546,1
-0.490026988027,1
-0.401869069826,1
-1.25861188304,0
-0.405917399105,0
2.02105962443,1
1.04836581759,1
0.80979037729,1
-0.636005273182,0
-1.92634199549,0
2.01369463254,1
2.33904833049,1
0.948213877539,1
1.02644983434,1
0.526132796978,1
-2.23539592186,0
-0.667355828066,0
0.201387640468,0
1.3001289723,1
2.496902948,1
1.76358573252,1
1.00913778052,1
-0.640013906724,0
-1.07722044023,0
-4.0301107691,0
1.76216549102,1
-1.76327017268,0
-2.8220157141,0
2.30549271196,1
-2.42072380039,0
-0.552788782139,0
0.0669169092082,0
-0.857898409166,0
1.32786890442,1
0.97348935114,1
-2.82805362361,0
0.14721352997,1
-1.13330181544,0
-2.24832444805,0
-1.27055857389,0
-1.7514577197,0
2.6330027953,1
-0.147136519507,0
-2.88732508766,0
0.318361722936,0
-0.67066605661,0
-1.08025623271,0
1.08340189009,1
0.752543904926,1
-1.33909963291,0
-1.76586123688,0
-1.58905209362,0
2.82732825553,1
-1.51226942679,0
-1.93854467551,0
2.30348072228,1
-1.80943354572,0
-2.59949382441,0
-0.386304037541,0
0.407346831812,0
-2.93940474158,0
-0.95119643865,0
2.38307817482,1
-0.690354710709,0
2.38941239042,1
0.98304284383,1
-1.5706747799,0
0.178183763189,1
0.760182280834,1
-0.630477623535,1
2.06972156484,1
-2.06279317803,0
-3.46627081331,0
0.481271821853,1
0.833439428657,1
-0.822863626519,0
-0.945797111654,0
0.699961620962,1
0.711423700547,1
0.891281994729,1
-2.56886304964,0
-0.0223830016818,0
-1.51880575148,0
0.0110049303625,0
0.608625567661,1
-1.28112464927,0
2.35626253038,1
-0.243469625326,1
-1.98367772415,0
-1.05035010816,0
-0.144305601176,1
-1.6018369293,0
1.10010924669,1
-1.08519915427,0
0.597868443611,1
-2.07937538357,0
1.11713872913,1
-0.536387397598,1
0.588702692755,1
1.39104015082,0
-2.43160841053,0
1.4411676269,1
2.3518630922,1
1.73451842347,1
-0.741081590247,0
-0.36739540227,1
-2.4735753777,0
-1.09080794588,0
0.733361903531,1
-0.999817499727,0
1.92289393419,1
-3.34606762084,0
-0.303572301942,0
-2.25287597115,0
2.18319482774,1
-2.37486566994,0
0.497566091085,1
1.56368750193,1
1.75859266893,1
-1.11602293182,0
-0.872112831978,0
-3.17125414202,0
-2.67819420567,0
0.893328607312,0
1.05699729677,1
0.907882855068,1
-3.94253690863,0
0.64460137162,1
2.21114866817,1
0.302539859896,1
-1.29754340379,0
-0.884208792642,0
0.266748873494,0
3.16880403381,1
0.0419259642,1
1.79309398442,1
-1.38377628211,0
-1.83179316319,0
2.05404175475,1
1.15130946042,1
-1.73600172471,0
-1.20556720793,0
-0.119932326951,1
-2.32619113399,0
-1.56161845803,0
-0.645376151865,0
-3.16690338972,0
1.19259729495,1
-1.94380859612,0
0.285030983046,1
2.74907782782,1
0.169387344803,0
-0.749812585488,0
-1.57178455312,0
-0.0754749220926,0
-0.418615712944,0
-0.0147630182448,1
-0.600878079855,0
-0.662017413801,1
-2.44099411671,0
-2.39793960023,0
1.24665973313,1
-0.347960016577,0
-1.62014333076,0
1.86758652275,1
-0.586158819593,0
-0.561084698807,0
-0.756578473821,1
-1.07137634085,0
0.564189028182,1
-0.899540493557,0
0.419406748274,0
-0.0796992102987,1
-0.359587633897,0
1.62446598698,1
-1.07063058243,0
-0.333327896064,0
1.92338499404,1
0.303594550456,1
2.44413657949,1
-2.92159828584,0
0.171014058202,1
-1.66080575426,0
0.85143867816,1
3.32726144482,1
-2.16703740985,0
-1.70928658192,0
-0.951298843312,0
1.06475987421,1
-1.73139266516,0
0.353643383657,1
-1.51101450361,0
-1.01585376162,1
-0.36792671126,0
-0.96134890378,0
0.72079458126,0
-2.84319888662,0
-1.40427258068,0
1.38678633869,1
-1.32694897442,0
-0.179647107658,0
-1.51972451762,0
-1.60513344132,0
-1.05950905598,1
1.82521097608,1
0.626354730051,1
1.90854207862,1
-0.658086974768,0
-1.2000077379,0
-1.63349015971,0
1.62308164192,1
-1.71171691127,0
-0.13757598668,0
0.0396367608448,1
-1.46155047195,0
-1.45723868428,0
1.07088084864,1
0.975687966385,1
-0.0641242859215,1
-0.759347503144,0
2.2645818252,1
1.2675296339,1
-0.405771336976,0
0.042699767253,0
0.223680902915,1
-2.60503285576,0
-0.0148429228181,0
1.32670300022,0
-0.452915572916,0
-1.21171318784,0
1.28133585274,1
0.429431902087,0
-1.36631178531,0
2.06115076322,1
1.61928371057,1
1.9119767813,1
0.215604160201,0
0.0617072708949,1
-1.38228757132,0
-1.36829607802,0
-2.30652047489,0
-2.39665276175,0
-1.9600185336,0
0.49345384054,1
-1.7135772555,0
2.25944351231,1
2.01499081672,1
0.931238799857,1
1.24576,1
-0.469204276399,0
-2.01460769719,0
-1.24722663571,0
-0.047122592863,1
-0.145278429724,0
1.70694580838,1
1.57262628073,1
1.53370843063,1
-2.56659758104,0
0.465008886757,1
1.3148425286,1
0.388669523011,1
0.831657312903,1
-1.8011443055,0
2.88253039012,1
0.113604143316,1
-1.25441637393,0
-2.6187973904,0
-0.506404353453,0
-1.51440247215,0
1.61666229068,1
-0.49757721828,1
1.01264696925,1
0.652861913426,1
-0.577695512501,1
2.66280302502,1
0.452159992622,1
-2.8108042066,0
-1.01786125352,0
0.334681414418,1
2.17022763969,1
2.33355319486,1
0.816635285763,1
-0.1486948278,0
1.16958358948,1
-1.49929166193,0
-1.0104643155,0
-1.43676471239,0
1.95535398021,1
1.37271033209,1
-1.55350478384,0
2.32919621887,1
0.535560812622,1
2.10435140762,1
0.649361793533,1
-1.70115826178,0
-0.868890449342,0
1.43285292544,1
-1.5493267204,0
1.89635857239,1
1.88083150742,1
0.187465678115,0
-0.0573722368322,0
3.39530529531,1
-1.63899335615,0
0.610534496631,1
2.09363121109,1
-1.80305862882,0
-1.94500526738,0
-2.74779985075,0
0.216988838485,1
-0.971159040552,0
0.491477925924,1
-2.02835204925,0
-1.69478324595,0
-0.318677394926,0
3.5521861351,1
0.862409850523,1
1.47831888308,1
0.501393893295,1
-0.687940945571,0
1.98424384293,1
-0.0415315896505,1
0.401380003131,1
0.032241294579,0
1.97261602235,1
2.81973378131,1
-0.293835557604,0
-0.648814758525,0
1.10415434711,1
1.71013540036,1
-1.27354999834,0
-2.58153968695,0
-2.90683783757,0
2.20111440533,1
-1.88148762601,0
-2.28819274576,0
0.0987236368492,1
2.85100331469,1
2.53862668482,1
0.141600022001,0
-0.467732825936,0
-0.665691215656,1
0.567325499373,1
2.78294908921,1
1.96671786107,0
2.19457148622,1
-0.918379867982,0
-1.90999955648,0
-1.42380744336,0
-2.20831536537,0
-0.628845830796,0
-0.687158980965,0
3.16917776914,1
0.574552112234,1
-0.887922217645,0
1.46613917104,1
-0.711920897675,0
0.295827146531,1
0.107456133479,1
-2.10538135076,0
-0.482400610002,0
0.463929566365,0
-1.77949538852,0
1.66403299865,1
-0.694691433483,0
-0.899573012856,0
-0.675302918056,0
-1.63353974129,0
-2.14872277477,0
-1.05833758674,0
-2.32560246666,0
-1.57212517764,0
0.764190095086,1
-0.36552513946,1
-1.01668682742,0
-0.640812620174,1
2.43758542695,1
-0.570797410081,0
-1.10116312182,0
-0.910701430086,0
1.21090703574,1
-1.49504579723,0
2.75853056838,1
-1.76744220656,1
1.63916600843,1
0.0885366793553,1
-0.995042329905,0
-1.66834434785,0
-0.330556164061,1
-0.508887058968,0
1.04728593967,1
-0.627390138878,0
0.908417634297,1
-2.31947671472,0
-1.02555167372,0
1.31919940168,1
-0.387051618724,0
-0.807040547325,1
-0.151265080437,1
-1.6237892694,0
-0.831209610423,0
1.26462277857,1
1.76256867314,1
0.285236421485,1
-0.806128926719,0
-0.861528163501,0
0.355036025301,1
-0.174984604079,0
1.72969655321,1
-0.90136034867,0
-1.00688086969,0
0.726507095072,1
-0.81974739585,0
0.674554730103,1
-0.255922289129,0
0.318531682735,0
2.1550911491,1
1.05465703788,1
-0.0624203046405,0
2.32256280587,1
-2.13021162685,0
-0.593877725528,1
0.748966485662,1
1.86540769518,1
-0.957201456699,1
0.0450920082571,1
1.88767759748,1
-0.01771572217,1
0.790382026546,1
0.0110757051847,0
-1.77136747204,0
-0.0741827456611,0
-2.75547329004,0
-1.30073771742,0
-0.188749728018,0
1.03039869906,1
-0.00104075976833,1
2.42577757822,1
0.862209798705,1
4.94911869229,1
-1.50590510299,0
1.42993650571,1
-0.269024272165,0
1.70176530725,1
-1.35113608249,0
1.36163475975,1
-1.4233303965,0
0.643264600999,1
0.215868901287,1
0.745931718319,1
3.02656025344,1
-0.896104240277,0
-2.0248551812,0
-1.6452685307,0
-0.464718071177,1
1.4743103293,1
0.731340236556,1
-0.750609022259,0
-2.01825810154,0
0.650766884379,1
0.832569882948,1
2.80075442445,1
-1.29706825023,0
-0.962760084561,0
1.92415637519,1
-1.98175626156,0
-2.06075145518,0
-0.828842037349,0
-0.0286874381905,0
1.98250749271,1
1.9664175568,1
2.4177217607,1
-0.833432005875,0
0.52028543762,1
-1.25869073559,0
-0.858795883156,0
2.11787784588,1
0.42166066707,1
0.626807029893,1
2.3242321119,1
2.48390676384,1
-1.25927867862,0
-1.18502838659,0
-0.0375345516643,1
2.10035427878,1
-1.67304206497,0
0.122546182457,1
1.45231110853,1
-0.872910449582,0
0.556726438592,1
-1.97289907431,0
1.0898752436,1
-1.05738592309,0
0.757838237719,1
-2.3750990483,0
-0.434532916169,1
1.95639919211,1
0.0484158842915,1
-1.34842240345,0
3.04118743722,1
-1.07540177114,0
0.520136017448,0
-0.918419521971,1
0.107566434843,0
0.658101957937,0
2.21583357816,1
-0.743129986501,0
-0.279334103226,0
2.94568768441,1
-1.2281224204,0
0.00310717293951,0
-1.01865762512,0
-1.98677658552,0
0.818854150559,1
2.04650683359,1
-1.32575102041,1
-2.57684799735,0
-1.8861676765,0
0.346058042565,1
-1.81022728274,0
1.86899602905,1
0.260766709714,1
0.0472973857243,1
3.23788933321,1
0.457431599292,1
0.667398575963,0
-2.79151114414,0
-0.616152374114,0
-0.13326096089,0
-3.91045756093,0
1.40812282962,1
-1.60988515285,0
1.21806991714,1
-0.725853926304,0
2.06549735054,1
-2.96308920626,0
0.847187950848,1
0.175362241119,0
0.520292650284,0
-0.649180311017,0
0.402938400551,1
-2.68835683984,0
-1.45770856207,0
2.41362734972,1
1.38168131424,1
1.17276860886,1
0.582403100584,0
-0.110597244434,1
-0.162537391131,1
1.67991362545,0
-1.6611167147,0
-1.34634336203,0
2.18953445757,1
-0.845411938388,0
0.153477749948,1
-1.77529318931,0
1.54137040442,1
1.49284228209,1
1.22468710944,1
1.05390870375,1
-0.561182479913,1
-1.81403285279,1
1.597194109,1
-1.1383583365,0
1.89302196245,1
0.497286404643,1
1.2940118064,0
0.515647243645,1
-0.291141579776,1
2.43596312981,1
1.04899271138,1
1.47532664826,1
0.346554036987,0
0.668432309979,1
-1.09140866931,0
-1.63093321426,0
-2.46815858657,0
0.836891235353,1
-2.64537683611,0
1.40269538168,1
0.329508291062,1
2.92764129881,1
-1.57449542384,0
0.021193210653,0
-1.21200675181,0
-0.965706470545,0
2.73734484449,1
0.498910303284,1
-1.93957313588,0
0.0226029663706,0
-0.985244287798,1
-0.187896500487,0
0.400372240844,1
0.416863255031,1
-1.16719159892,0
0.574125150672,1
-1.05783986165,0
-1.47957474186,0
1.89889959432,0
1.45061023887,1
-0.153681481758,0
0.97987416435,1
3.63394611351,1
-3.17374698953,0
-2.184959759,0
-2.27194172089,0
-2.31861283101,0
2.0080191718,1
1.45921890787,1
-1.41321343683,0
2.38995309171,1
0.95790965501,1
-0.130803241205,0
-1.80811317806,0
-0.242867090188,0
0.937406377424,1
2.31003473329,1
-2.54218868833,0
-2.47880421064,0
1.06066681923,1
2.17223629872,1
-1.19501349322,1
0.494926818233,0
-0.934891239474,0
2.31025082604,1
1.29893839623,1
0.101015290211,1
1.99815255132,1
1.216775957,1
-1.71378845416,0
-1.59655541904,0
2.21531207418,1
0.350077750086,1
-0.941822281642,0
0.907337611902,1
0.48505728699,0
-0.9876802352,0
0.907191178542,1
0.170453421133,0
4.64599936792,1
1.5250926167,1
-2.65044273698,0
-2.92765933591,0
-0.0759739734644,1
-0.0954820267022,1
-1.37160135724,0
2.13690620839,1
2.39292961254,1
0.47595037422,0
1.5768846209,1
-1.99995443077,0
1.85969563453,1
1.56219270537,1
1.64600600507,1
2.8047113677,1
0.980061060187,1
0.688495058265,1
1.16232846017,1
-1.67982635902,0
1.11997656678,0
0.783767118458,0
-1.81600285922,0
0.498786220903,1
-0.918360146112,0
0.118526137049,0
1.80844298328,1
0.424107367442,1
1.47250398002,0
0.847153704527,1
0.523550251214,1
-1.66180750235,0
1.44010499452,1
1.52141082701,1
0.550137747305,1
-1.2363390245,0
-0.458362680556,1
-2.38904218696,0
1.66352648674,1
-1.44061749503,0
-0.315480936142,0
0.745633683633,1
-2.123176397,0
0.3084256834,1
-0.526517348268,0
-0.791994353046,0
-2.47466135683,0
-1.54741592524,0
-2.43519428077,0
-1.55705200413,0
-0.0447088863484,0
1.92206768461,1
0.24484891881,0
-1.16577067389,0
-0.272022567051,0
1.7129040718,1
1.82620052796,1
0.985650250074,1
-1.31649514529,0
2.26340780057,1
2.25393101123,1
-0.186976976235,0
-0.947337486115,0
3.37889771436,1
2.1596547201,1
2.47669029923,1
2.27884835719,1
2.00769020177,1
2.03037925407,1
-1.42255752312,0
1.17734737619,1
-1.1370862251,0
-1.21844163977,0
2.32861062328,1
-1.21256967662,1
-0.40868613761,0
-2.1417569418,1
0.362395203195,1
-0.854565114855,0
-2.69791648674,0
-1.79821737858,0
1.91390142249,1
-0.707584874457,0
-1.27846773603,1
0.779946622582,1
-2.32831327183,0
1.10265905701,1
0.554998653302,1
1.99468304757,1
2.57690027497,1
1.19796345283,1
-0.990524752462,0
-2.16181356211,0
3.09670382236,1
-1.71057463433,0
2.01499991952,1
-1.38359706149,0
-0.824485599632,0
1.8693084144,1
-0.701997901338,0
-1.31379739897,0
-0.780757769006,0
3.14510260567,1
-0.853316987211,0
1.2358596012,1
-0.688582701454,0
-0.715890258526,0
-0.145666594464,0
1.46574985054,1
0.25128807144,0
0.155289516124,1
-0.521324284566,0
-0.459070572152,0
-0.892705128868,0
-1.62390526876,1
0.0196992453805,0
0.82292898089,1
-0.214638404357,0
1.23169047809,1
-0.992888862847,0
1.48714032275,1
0.431085708764,1
1.5027235848,1
-0.226305202228,1
-1.21367534866,0
0.399611533934,1
-0.344491048837,0
-0.951912940274,0
-1.55680432874,0
-1.37929223269,0
0.550976131092,0
-0.770192314334,0
2.76744519351,1
-0.0648592917387,1
-1.05657850704,0
-1.64343619631,0
-2.11670078541,0
1.8808033668,1
-2.90774380352,0
-1.59505750224,0
-2.16997277789,0
0.188824790107,1
-0.17160473647,0
1.78646126562,1
2.74255024203,1
0.594547051561,0
-1.86888747545,0
0.566758362075,1
-0.181737172325,0
-0.23188362927,1
-0.677726744824,0
0.501114865534,1
-2.65317434488,0
-1.30084764695,0
0.260609749205,1
0.0471232298961,1
1.68688248436,1
-0.595354462145,0
-1.60050526015,0
1.25101242457,0
0.610462978663,1
0.477293459493,1
1.92883074913,1
0.174177058592,1
-1.65051602543,0
0.808212074571,1
-0.720166610062,0
1.65432773676,1
-1.88679399423,0
1.05209582867,1
-1.31921701574,0
-1.98072185068,0
1.8156074202,1
-1.74235389909,0
-1.73938673047,0
1.40166890644,1
2.01489110904,1
-0.273898420155,0
2.04887244054,1
0.975136012952,1
-1.783779899,0
2.83750446899,1
1.0976979832,1
-1.73762007628,0
-0.359241156482,0
-0.320707779806,0
0.91626694667,1
-2.78275230064,0
0.999738000801,1
-0.846939238273,0
1.85325972667,1
-3.32348354082,0
-1.15999793272,0
-1.61673150846,0
1.84588525296,1
0.489080399885,0
0.728440469294,1
1.4782900544,1
-2.87022792792,0
-0.29526058955,1
-2.0634633485,0
0.690064700896,1
-0.0735099256532,0
1.31045678454,1
2.1909384247,1
-0.327616737159,1
0.216783703148,1
-2.1512632346,0
0.330196545068,0
-0.837487861417,0
-0.783146909594,0
1.75793476722,1
0.17844127263,1
1.74714482962,1
1.37816984318,1
-1.1022957624,0
-1.60440371982,0
-1.4697974291,0
-1.65589321604,0
0.768149810746,1
1.37625700935,1
2.03758414563,1
-1.27028783368,1
0.240621674127,1
0.87452166835,1
1.60462446336,1
-3.10313867036,0
0.176766079552,1
0.721039865375,0
-0.441549372497,1
0.0793747100768,0
1.81571739065,1
-0.484924899758,0
3.74589384912,1
-0.116223979295,1
-1.20932647416,0
-2.17438969879,0
-0.0241644997554,1
1.63242229185,1
4.263214871,1
0.802134253727,1
1.44529055457,1
-1.00618080601,0
-2.37032838869,0
2.28254827242,1
-2.78470489455,0
-1.09323775345,0
2.62438970477,1
0.538829708399,1
-0.810597170543,0
-1.9340245775,0
0.373778723158,1
1.10002348878,1
1.65082304913,1
-0.49307831302,0
1.15594960602,1
0.0356680647068,0
-0.595999521414,0
-1.24927872191,0
-0.242559184805,0
-1.3161839325,0
0.289868241869,1
-0.920656656532,0
-1.81498954761,0
1.89185973118,1
-1.92205604606,0
1.42743838568,1
-2.41808941021,0
-1.79822039749,0
3.55744203782,1
0.0803243043092,1
0.629631577724,0
-1.18315283044,0
0.256661910961,0
1.28969104038,1
2.97313340531,1
1.57773497003,1
1.35496903865,1
-1.38934394732,0
-0.757969861025,0
-1.76485367992,0
-0.353297662739,0
-0.733124893845,0
3.38909418388,1
-1.52095498086,0
1.52181101004,1
0.401920704528,0
2.57526111136,1
0.602696802675,1
1.16604052681,1
-0.281824790535,0
-2.09301416327,0
2.11432784904,1
0.482468304903,0
-0.0397674850597,1
2.41801117242,1
2.15420166891,1
1.19323640661,0
-1.13827438569,0
-0.563351799175,0
2.92977944904,1
-0.0810855856126,0
0.0433813144619,0
-1.67381990023,0
1.37957468611,1
-2.13176920946,0
0.0922506451537,1
1.47026583593,1
-0.669073246208,1
-0.348336145016,0
-3.49969374748,0
-0.56031915341,0
-2.98047160081,0
-0.211160362723,1
2.42298088553,1
-1.01055826587,1
-0.642340994909,0
-2.51925525492,0
-1.09169443984,0
1.62221269586,1
2.39437082269,1
-0.233937380291,0
-0.229683262685,0
2.38475842607,1
-2.19377801898,0
-2.19537586701,0
-0.975870625154,0
-2.07207273088,0
-0.780061753087,0
-0.0581577567037,1
-2.25580706688,0
-1.38111289372,0
2.56759981971,1
-1.84757440543,0
1.19547181777,0
2.19517553137,1
0.418603589083,1
1.47083699497,1
0.562759122762,1
-0.235890203917,0
0.835807372068,1
-1.54462373865,0
-0.202075507035,1
0.517047722524,1
-0.332316212427,1
-0.0825529244675,0
0.425862990221,1
2.21793798402,1
0.0868954608735,1
2.51242471794,1
1.01087487301,1
-1.60534336993,0
-0.52596188236,1
3.04411661045,1
-2.26490725361,0
0.403908667531,1
-1.76416316716,0
2.05725343059,1
-1.2866240437,0
-0.399808099974,0
-1.48399104196,0
-0.243125544055,1
3.35179027298,1
-1.13575725094,0
2.59594738874,1
1.01197020692,1
0.598150879151,1
1.53440810872,1
0.388003302187,1
0.776043873143,0
-1.60218600504,0
-1.3162670962,0
0.456529954931,0
-1.34604710113,0
-1.62116092607,0
-0.403062220906,0
1.35303645702,1
3.09835273271,1
-2.83454925517,0
0.712831875442,1
-1.68986398659,0
0.639051721404,1
2.16548250447,1
0.68109645783,1
1.47532542871,1
-0.59259160807,0
1.8630192092,1
-0.63615262632,0
-2.12689295465,0
-1.75717366601,0
-1.27739717084,0
0.821527509685,0
-1.82085067677,0
-1.00854982293,0
2.50186833274,1
0.854685656748,1
0.0313928370276,1
2.56482933651,1
0.755800680111,1
-1.22520245434,0
-1.33450826645,0
1.22631940403,1
1.40018331072,1
-1.20129025246,0
-1.11554717789,0
1.47020850903,1
1.38425725508,1
-0.651910961689,0
0.386087386055,1
1.13441889377,0
2.3013196307,1
-0.939126438836,0
1.97706967986,1
1.07741161662,1
0.0682908884737,0
-0.257570700201,1
0.672718261936,1
-1.52485871561,0
1.19097451087,1
2.93155359294,1
-2.16304787549,0
1.66337080549,1
1.11077049634,1
2.30089907762,1
-1.04973780998,1
-0.333048708888,1
0.975167795216,1
-1.47946279602,0
-2.8332321224,0
-0.294820547434,0
0.977769405178,1
-0.109775893829,0
-1.75201860014,0
-0.322247515639,1
-2.07034325325,0
-0.989183443132,0
0.415349198072,1
0.31166748837,0
1.88472054567,1
-1.2216504791,0
-0.690655300033,1
0.417586067671,1
1.37144406312,1
1.93907447448,1
0.958517381193,1
0.415480766743,1
-1.23990814796,0
1.27977830389,1
-1.59152985384,0
3.31541896587,1
0.866781793127,1
-1.00643921275,0
2.14501514684,1
-0.0493520445056,0
-0.18774781524,0
1.10642701078,1
-1.5807740125,0
-1.88064458727,0
1.52830572224,1
-0.700061656352,0
-1.49079948876,0
-0.201371590396,0
2.4022606899,1
0.997073880089,1
1.52450537235,1
-0.289487597449,0
-0.709564189507,0
-1.80894202237,0
0.0882031299957,1
-2.01451243405,0
1.74214853182,1
1.59357565742,1
0.313018793252,1
1.20822956793,1
1.32766710554,1
1.4273217567,1
1.11085153699,1
-2.07688615489,0
-0.964902167639,0
0.773196473185,0
-3.07739974442,0
2.73358873371,1
1.61880108787,1
-1.25377924399,0
0.784134235824,1
2.060042521,1
-2.56585827837,0
-1.5313759642,0
-0.488311699205,0
0.558466037168,1
1.71988644315,1
-1.89209303367,0
-1.36270606712,0
0.517955532162,1
-0.365512309833,0
-1.72567998386,0
-0.608096130716,1
2.23986256677,1
-0.941347519237,1
-1.13022642644,1
1.13031921821,1
1.15278659649,0
2.01161997154,1
-0.868805777473,0
-1.46511287725,0
1.47014518205,1
1.39105761247,1
0.403135393676,0
-1.90474257167,0
-3.04552681806,0
2.22458018247,1
0.913165782145,1
0.528534958345,1
0.498549779169,1
2.16463757617,1
0.232827132849,0
-2.05808796995,0
2.65912322382,1
-2.4008849696,0
1.35591188163,1
0.177171698092,0
0.0381561719495,0
-0.241642232298,0
-0.0349212194805,1
2.34515937991,1
0.811846129131,1
1.47542313722,1
1.13877188653,1
-1.50731954297,0
1.82819868859,1
3.76764139114,1
1.63394781009,1
-0.646797350373,1
1.13493643934,1
-1.84142345894,0
0.0573700151884,0
0.470479855603,1
1.30143471221,1
-1.96951891292,0
2.20141357037,1
2.36823466086,1
-1.67514585291,0
0.733112334364,0
-2.14525873789,0
-0.828062224049,0
1.61249793324,1
1.06790104849,1
1.64725679209,1
0.472293764741,1
-0.482889470571,0
-0.510140941099,0
-1.46187014667,0
-1.5848729235,0
-0.60270479693,1
1.75814792926,1
0.52748976254,1
-0.721920485879,1
-0.974872869661,0
0.0774018858112,0
-1.25300737329,0
-0.313761931561,0
-0.65379881419,1
-1.60807859165,0
0.934972933139,1
0.722426537683,1
-0.0385825471642,0
-0.550822950301,0
-0.154253611219,0
-0.750828067787,0
1.75588068132,1
-2.18884994484,0
-2.44696794891,0
1.89929761964,1
-2.49047645446,0
0.337285264045,0
0.528698843099,0
-3.08159137428,0
1.16083064452,1
0.249131408674,1
0.915430122945,1
1.0378863995,1
1.42047234693,1
2.14810023764,1
0.265787911437,1
0.111791293635,0
-1.57918563205,0
-0.102916552792,1
2.88691431464,1
1.30479563235,1
0.293272069892,0
2.18616394802,1
-2.16968339937,0
0.296705779899,1
-0.490309729342,1
-1.59670023267,0
-2.27011495338,0
0.169729132269,1
-1.89172627348,0
1.28492109249,1
-2.76380023372,0
3.33257114778,1
2.02168054713,1
0.170429485205,1
-2.51555472045,0
1.18865087831,1
-1.02231953669,0
0.588239850583,1
2.22900288151,1
-2.34811192951,0
0.0777839847499,1
-2.34561236313,0
-2.34795165161,0
-2.00732168438,0
1.58460632612,1
-1.67016921625,0
-1.2623522398,0
5.22462708853,1
1.18602125553,1
-1.65745078242,0
-1.35102614983,0
-2.7577922308,0
2.81737401248,1
-0.295057479005,1
0.507826970116,0
1.16460050295,1
-0.74477964193,0
4.35705471657,1
-1.83174651511,0
-0.753259767485,0
0.824270407252,1
-1.76687003551,0
-0.514101065421,0
-1.65152131558,0
1.30279645454,1
-0.002751290498,0
-1.65141446272,0
-0.45142593558,0
0.240621674127,1
1.10007655348,1
-1.10378793446,0
-1.10139230827,0
1.85538257749,1
-0.198560679015,0
1.08101948807,1
1.25827538184,1
0.736389076169,1
0.724685438794,1
1.16964915143,1
-0.684690389104,0
-1.91457155818,0
0.645213549613,0
-2.46565064786,0
-1.28873332717,0
-1.04472946379,0
-2.95094487865,0
2.69383913403,1
-0.409140954352,0
1.21913668562,1
-1.1814886287,0
-1.57343582524,0
0.350996632876,1
-2.25409206847,0
0.974494517125,1
-0.946027857411,0
1.5939304984,1
-0.998947593095,0
-0.778329131497,0
1.29273995917,1
-0.620902728477,0
0.645766295274,1
0.106137555674,0
-0.871497187459,0
-1.24948257132,0
-0.818246729116,0
-0.242105473925,0
-0.11832758859,1
1.1749222157,1
-0.170581017107,0
-1.08800236567,0
2.1033702273,1
0.51096515632,1
-3.93163123442,0
0.424009750747,1
-0.708385974151,0
-0.759364296925,0
1.68752459967,1
-1.55107433522,0
0.232810145739,1
-1.53705742807,0
0.0368795241386,0
-1.54614522061,0
1.72598063986,1
-1.2803025624,0
0.925853701621,1
2.17131892139,1
3.02952467736,1
1.29821527874,1
0.584233594067,0
-0.695521459842,1
0.133844634549,0
-0.541602875105,0
-2.32545626362,0
1.38114585287,1
-0.420226526861,0
-1.06603731484,0
-1.31203894963,0
-1.55673346635,0
-0.877681632664,0
1.55828860375,1
-0.383975934831,0
-1.28480551037,0
1.20914035283,0
-0.430184377292,0
-0.749250755933,0
0.375743257845,1
2.08078326935,1
-0.00434864659201,0
-1.05676402207,1
0.730905364501,0
0.700961845162,1
0.586129766912,1
1.17007647914,0
0.787391560387,1
1.79169103565,1
2.3318249547,1
-1.64007915659,0
1.57972044211,1
-2.48705483747,0
0.819923245807,1
0.497737149089,1
-1.13288001796,0
-2.20786236416,0
-2.24901095986,0
1.87109022926,1
-2.09916468085,0
1.80465187078,1
-0.398692794151,0
-0.763740860517,0
0.0105939945041,1
0.36447500509,0
-1.18464776579,0
-2.08969736379,0
-2.48376465063,0
-1.21596582348,0
3.07417602712,1
2.33833603845,1
-0.322551326591,1
0.635713208759,1
1.28374014638,1
0.895397366301,1
-1.62527266152,0
-0.58854303301,0
-1.96999024638,1
-2.74643755064,0
0.338967366648,0
0.216331824396,1
1.35541622214,1
-1.47660647907,0
-0.298944722752,0
-1.37658853153,0
-1.70912608477,0
0.366990921909,1
-1.56614890058,0
3.06940473094,1
-0.146236713344,1
1.10503128255,1
-0.553095250097,0
0.559502048879,1
2.10775243819,1
1.50560326409,1
3.74454999355,1
-0.597422054329,1
-1.14071545495,0
-2.38697074559,0
-0.144083232693,1
1.21140605645,1
-1.89033832801,0
-1.13691581636,0
-0.468450389072,0
-1.45067091946,0
-1.36241559662,0
-0.771235398337,0
-1.623044981,0
-0.189667613428,0
-2.98641186117,0
0.993839383759,1
-0.431647206774,1
-0.810246393871,0
2.59629599276,1
0.642557156927,1
0.184549560716,0
-2.74383936656,0
1.221752379,1
2.71620174986,1
2.51023431383,1
-0.514671262114,0
0.324502648494,0
-1.16176454504,0
-0.44219376557,1
1.9377270056,1
-1.21455102696,0
0.572842420043,1
-1.3005910491,0
-0.729055939731,0
0.0551122077832,1
-0.725313594519,0
-1.16350879211,0
1.89671423853,1
1.3153895252,1
-1.35813190913,0
-1.16427549629,0
2.44785842579,1
1.36468914423,1
2.07599274361,1
2.88217916944,1
-0.206289305204,0
3.22121995455,1
0.815742862728,1
1.11410146296,1
-1.98271639074,0
0.322693466396,1
0.0324880398379,1
1.05614976784,1
-3.59324945222,0
-1.85595910921,0
-2.58783515487,0
2.67339103846,1
-0.642879019324,0
1.02955042084,1
0.099020567239,1
-0.621744274341,0
-2.91381785319,0
1.83220705867,1
-1.85339251032,0
-1.37803467626,0
-0.311801705415,1
-3.45339034733,0
-1.82258995349,0
2.13270371993,1
2.33997755557,1
0.14240467121,1
0.576998147503,1
-2.11392590574,0
0.455592445454,1
0.0584677315434,0
-1.58181325068,1
0.707119797293,1
1.93685549683,1
-2.61500274533,0
-1.90757491557,0
-0.475528300779,0
0.220593719874,1
-1.3945703742,0
0.286182408426,1
0.119775093789,0
1.17148315934,1
1.83853456854,1
1.95533713243,1
0.285880607282,0
0.0381256417355,1
-1.86444696042,0
0.898733689171,1
2.73518854151,1
-1.77933245184,0
-1.43704924927,0
-1.01129758805,0
-0.919829894364,0
0.853895200232,0
-1.56350732248,0
-1.57006953587,0
1.22356188469,1
2.52511990876,1
-0.922304022111,0
1.96458565696,1
0.800609009102,1
-1.23071081535,0
